{
    "asdfasdf": {
        "email": "_____@gmail.com",
        "password": "U4(5a#&fSgTPA$2D"
    },
    "asdf": {
        "email": "_____@gmail.com",
        "password": "%mj)F(gzWugaF+63"
    },
    "Twitter": {
        "email": "sjjnjsdnjkn@gmail.com",
        "password": "bM1E$*th!hzlVZ32*"
    },
    "d": {
        "email": "_____@gmail.com",
        "password": "#O(ze3I+b%b82bw"
    },
    "Yahoo": {
        "email": "loomeshane",
        "password": "8BgOg)%vh7qRV"
    }
}